device_category,view_item_sessions,purchase_sessions,revenue,avg_order_value,overall_view_to_purchase_rate,best_conversion_rate,conversion_gap_to_best,estimated_revenue_uplift
desktop,44819,1550,113296.0,73.0941935483871,0.034583547156339947,0.037375823743483819,0.0027922765871438715,9147.5222824000357
tablet,1700,61,3689.0,60.475409836065573,0.035882352941176469,0.037375823743483819,0.0014934708023073492,153.54104004114885
mobile,30501,1140,78650.0,68.991228070175438,0.037375823743483819,0.037375823743483819,0.0,0.0