device_category,view_item_sessions,add_to_cart_sessions,begin_checkout_sessions,purchase_sessions,loss_view_to_cart,loss_cart_to_checkout,loss_checkout_to_purchase,view_to_cart_rate,cart_to_checkout_rate,checkout_to_purchase_rate,overall_view_to_purchase_rate,revenue,avg_order_value,revenue_per_view_session
desktop,44819,8766,3031,1550,36053,5735,1481,0.19558669314353289,0.34576773899155827,0.511382382052128,0.034583547156339947,113296.0,73.0941935483871,2.5278564894352842
mobile,30501,6059,2149,1140,24442,3910,1009,0.19864922461558637,0.35467898993233204,0.53047929269427641,0.037375823743483819,78650.0,68.991228070175438,2.5786039801973706
tablet,1700,321,113,61,1379,208,52,0.1888235294117647,0.35202492211838005,0.53982300884955747,0.035882352941176469,3689.0,60.475409836065573,2.17